x_position_um,branch_crossings,mean_radius_um,summed_lumen_area_um2,median_local_tortuosity
4238.99267578125,0,,,
4253.202699770082,0,,,
4267.4127237589155,1,32.871006240880035,3394.500448107655,1.0436092056082016
4281.622747747748,1,38.41520921418429,4636.137182737298,1.0436092056082016
4295.83277173658,1,43.09029197824433,5833.225241701274,1.0304404063767343
4310.042795725413,1,44.08085855800255,6104.49808677534,1.0304404063767343
4324.252819714246,1,45.0714251377607,6381.936132438647,1.0304404063767343
4338.462843703078,1,46.06199171751886,6665.539378691216,1.0304404063767343
4352.672867691911,1,47.05255829727707,6955.307825533062,1.0304404063767343
4366.882891680743,1,49.56904281107281,7719.175909563978,1.0265002036825905
4381.092915669576,1,54.955968870639644,9488.107801863522,1.0265002036825905
4395.302939658409,1,60.34289493020683,11439.37127499562,1.0265002036825905
4409.512963647241,1,65.72982098977367,13572.966328960034,1.0265002036825905
4423.722987636073,1,71.1167470493405,15888.892963756867,1.0265002036825905
4437.933011624906,1,76.50367310890735,18387.151179386135,1.0265002036825905
4452.143035613739,1,80.35407226670992,20284.56296866484,1.035791958647073
4466.353059602571,1,83.1397835538705,21715.390911212067,1.035791958647073
4480.5630835914035,1,85.92549484103107,23194.97754905745,1.035791958647073
4494.773107580237,1,88.7112061281918,24723.322882201086,1.035791958647073
4508.983131569069,1,91.49691741535239,26300.4269106428,1.035791958647073
4523.193155557901,1,93.78126311214575,27630.072745624242,1.0337590036179882
4537.4031795467345,1,95.17911469412991,28459.8885148282,1.0337590036179882
4551.613203535567,1,96.57696627611396,29301.981559291635,1.0337590036179882
4565.823227524399,1,97.97481785809804,30156.35187901462,1.0337590036179882
4580.033251513232,1,99.37266944008218,31022.999473997184,1.0337590036179882
4594.2432755020645,1,103.5960974150096,33716.0479942601,1.0335971910115191
4608.453299490897,1,113.95539573077201,40796.19509102803,1.0335971910115191
4622.66332347973,1,124.3146940465351,48550.622606048986,1.0335971910115191
4636.873347468562,1,134.67399236229753,56979.330539322,1.0335971910115191
4651.083371457395,1,135.3567428602485,57558.525930158234,1.043210527183231
4665.293395446228,1,134.61076978752547,56925.84531392073,1.043210527183231
4679.50341943506,1,133.8647967148025,56296.661138412135,1.043210527183231
4693.713443423892,1,133.11882364207955,55670.97340363243,1.043210527183231
4707.923467412726,1,132.37285056935653,55048.782109581545,1.043210527183231
4722.133491401558,1,131.62687749663354,54430.087256259554,1.043210527183231
4736.34351539039,1,130.88090442391058,53814.88884366645,1.043210527183231
4750.553539379223,1,130.13493135118756,53203.18687180218,1.043210527183231
4764.763563368056,1,130.70784634714528,53672.66879937371,1.0457086742268404
4778.973587356888,1,132.8257995688912,55426.15481609153,1.0457086742268404
4793.183611345721,1,134.94375279063726,57207.82547955912,1.0457086742268404
4807.393635334553,1,137.06170601238315,59017.68078977619,1.0457086742268404
4821.603659323386,1,139.17965923412908,60855.720746742925,1.0457086742268404
4835.813683312219,1,141.29761245587514,62721.945350459435,1.0457086742268404
4850.023707301051,1,143.41556567762106,64616.35460092545,1.0457086742268404
4864.2337312898835,1,143.9956465933964,65140.12645487914,1.0288710544490858
4878.443755278717,1,143.3475161885067,64555.04930672989,1.0288710544490858
4892.653779267549,1,142.69938578361698,63972.61155521879,1.0288710544490858
4906.863803256381,1,142.0512553787273,63392.813200345874,1.0288710544490858
4921.0738272452145,1,141.40312497383755,62815.65424211106,1.0288710544490858
4935.283851234047,1,143.6641052878407,64840.50934012994,1.0349557788750956
4949.493875222879,1,145.9459473819022,66916.61328075218,1.0349557788750956
4963.703899211711,1,148.22778947596365,69025.43253163167,1.0349557788750956
4977.913923200545,1,150.50963157002528,71166.96709276861,1.0349557788750956
4992.123947189377,1,152.79147366408677,73341.21696416267,1.0349557788750956
5006.333971178209,1,153.3905581566071,73917.47587132787,1.0182751198928413
5020.543995167042,1,153.95213718590497,74459.70600618639,1.0182751198928413
5034.754019155875,1,154.5137162152028,75003.917675517,1.0182751198928413
5048.964043144707,1,155.0752952445006,75550.11087931975,1.0182751198928413
5063.17406713354,1,153.70873182949032,74224.44374532688,1.0165723076542157
5077.384091122372,1,152.33115039607395,72899.96443149418,1.0165723076542157
5091.594115111205,1,150.95356896265758,71587.40891072016,1.0165723076542157
5105.804139100038,1,149.57598752924116,70286.77718300477,1.0165723076542157
5120.01416308887,1,145.2008728864514,66235.11993219721,1.0192130936559642
5134.2241870777025,1,140.6428557957326,62141.999808821885,1.0192130936559642
5148.434211066536,1,136.0848387050135,58179.416126198186,1.0192130936559642
5162.644235055368,3,76.1696442119628,63223.1361771717,1.0487532524777559
5176.8542590442,2,100.31136716313905,64898.7428066905,1.0340458270739665
5191.0642830330335,2,103.23309228574297,67909.5788079312,1.0340458270739665
5205.274307021866,2,93.6410309001974,67174.26321212263,1.0974150430066527
5219.484331010698,2,93.40672984509497,65413.84901729712,1.0974150430066527
5233.69435499953,2,96.51941207789594,61812.493548536244,1.1414452084689188
5247.9043789883635,2,94.36248420534713,58148.150861482354,1.1414452084689188
5262.114402977196,2,91.60465948344202,54525.02655458346,1.197100594954612
5276.324426966028,2,89.27294796863721,51143.95875198183,1.197100594954612
5290.534450954861,2,86.62154602914352,48017.13367994448,1.1506695648090037
5304.744474943694,4,81.213780039708,86002.18392954608,1.0906885556385397
5318.954498932526,4,79.34305608596294,79425.0814069041,1.0877821953855455
5333.164522921359,4,77.7618800213663,79440.61816141133,1.0834908396972218
5347.374546910191,4,80.77076231912065,78804.2684520318,1.0524560932444782
5361.584570899024,4,80.39147184490936,77915.63303375112,1.0524560932444782
5375.794594887857,4,80.95184725661521,76220.18400162646,1.0555296036801214
5390.004618876689,4,78.35714224223447,72120.2625817982,1.0555296036801214
5404.2146428655215,4,73.24868976649223,69540.94400789644,1.0304334417491665
5418.424666854355,4,72.22203670491882,68127.53607320989,1.0304334417491665
5432.634690843187,4,73.5024577433461,69543.07651032276,1.0481217852497222
5446.844714832019,4,73.99645680269002,74781.5733080563,1.0563567151926136
5461.054738820852,4,76.40480996887828,80133.71683173864,1.0859763594503282
5475.264762809685,6,73.952439205261,109257.65226604202,1.0956064558777254
5489.474786798517,7,67.61377397626238,109608.45987230666,1.1259592246793988
5503.68481078735,5,71.73200580406433,88588.98670252458,1.043259584344924
5517.8948347761825,9,68.0016897162755,140466.44177549033,1.043259584344924
5532.104858765015,9,65.99459106049513,134962.08693978106,1.0447863055346476
5546.314882753848,13,64.67013562901583,182517.9457520424,1.037352003075245
5560.52490674268,13,68.55232503442996,211838.32727822877,1.0347923524478968
5574.734930731513,15,61.68179752351289,202258.84741656345,1.0341714809158256
5588.944954720346,14,61.951561509867496,194549.74999720434,1.0298767146906478
5603.154978709178,13,66.51465986334266,186126.78861980783,1.0300248272322143
5617.36500269801,11,70.31091598386337,179745.1521832421,1.0300248272322143
5631.575026686844,13,64.80305263313666,193272.4844610513,1.0207608134297055
5645.785050675676,13,72.14560573007466,226058.4971030656,1.025796183592298
5659.995074664508,14,70.60594127417768,235597.95607117354,1.0232784985110017
5674.205098653341,16,63.67665018666042,246244.48723614245,1.0381911763231688
5688.415122642174,17,81.52849479235054,390703.09588106384,1.0464460849718151
5702.625146631006,15,84.3003168694295,368567.20821970754,1.047689261101981
5716.835170619839,16,83.79987539187778,390510.4321416116,1.0437241969385163
5731.045194608671,14,88.601347713306,376373.7075694935,1.0437241969385163
5745.255218597504,13,90.56363799421038,374632.24260987143,1.0410023089052172
5759.465242586337,14,90.66021471758667,442526.89188302227,1.0310022253194868
5773.675266575169,14,79.48983378852962,310705.2002389369,1.030624603854986
5787.8852905640015,17,90.41420811060276,463138.51104833453,1.0296849624358573
5802.095314552835,17,92.05807177968896,453355.73456225905,1.0354869165858438
5816.305338541667,18,86.28432617059364,453508.33038474096,1.0329947018978056
5830.515362530499,16,93.20904212241607,420286.88188677793,1.028545689941844
5844.7253865193325,17,94.33611831389376,469173.231304556,1.0274064174478303
5858.935410508165,18,92.24622071898902,491040.8790546161,1.024077665583205
5873.145434496997,18,104.26061345567483,593179.5248582682,1.0205997735346508
5887.35545848583,17,94.59645977807509,449352.7214890297,1.0204506333507222
5901.5654824746625,16,92.9620115176742,395590.896356748,1.0223081407888746
5915.775506463495,17,94.9041782364431,461641.0995514678,1.0208713961889324
5929.985530452327,19,94.18865401359508,498471.388869019,1.0276451417687087
5944.19555444116,19,93.05499115675431,473032.44504921086,1.0250652733398689
5958.405578429993,19,91.70343573715938,462313.4405359668,1.0250652733398689
5972.615602418825,18,90.875151966573,450632.83322154585,1.0247843420131888
5986.825626407658,19,89.85660593778996,462986.33068558644,1.0315466453744988
6001.03565039649,20,82.01752841363273,462274.5436975522,1.0346583284666735
6015.245674385323,19,87.97528771899829,467521.5621985113,1.029962060452176
6029.455698374155,16,95.12205133979064,413913.27523826284,1.0279286235835752
6043.665722362988,14,98.08530046190981,388451.5784779522,1.0366585166802658
6057.87574635182,15,92.17206006961138,396207.2269071551,1.0258951867149746
6072.085770340653,15,95.93826761993382,397606.011287478,1.0258951867149746
6086.295794329486,14,93.90552155105556,379058.70229294716,1.0204792229336976
6100.505818318318,14,88.89183460588376,367787.68728978594,1.0204792229336976
6114.7158423071505,18,93.64840391900383,571891.3097906618,1.0064869578676288
6128.925866295984,17,97.98548924705666,555509.1766307704,1.0129739157352575
6143.135890284816,20,85.48644582849674,609705.95311245,1.0092516881624376
6157.345914273648,21,93.530155663538,819504.1516056098,1.0
6171.5559382624815,21,95.84600349356128,1148432.7004736213,1.0
6185.765962251314,23,89.45189284023232,793030.3071717375,1.0
6199.975986240146,22,87.61054483233757,723555.6783842162,1.0
6214.186010228979,22,84.45564127095756,694114.0987609673,1.0
6228.396034217812,27,75.5433678871973,733817.6572990753,1.0
6242.606058206644,23,82.36482090424583,724079.7736114549,1.0165048320641752
6256.816082195477,28,82.66594806187831,860658.4815694892,1.0250783314958696
6271.026106184309,26,88.49371296583895,923981.5404835456,1.024882016798133
6285.236130173142,28,85.76697935416146,1026749.0156679675,1.0
6299.446154161975,23,108.0411006231677,1027120.0984524975,1.0083708312544046
6313.656178150807,24,103.13375606958621,922942.9540690379,1.0157363801649433
6327.866202139639,23,113.35492240907529,1046182.2887911277,1.0314887411409985
6342.076226128473,19,130.8003696852476,1054569.28890022,1.0314887411409985
6356.286250117305,20,120.65558810673805,948049.6630839551,1.0336778908795963
6370.496274106137,21,121.09005477888921,1069022.84855096,1.037050631401338
6384.70629809497,22,113.32802768369827,1017670.8244522053,1.0273963978834506
6398.916322083803,22,111.19357096394336,1005072.7779137746,1.0232711565358759
6413.126346072635,19,111.11844742777905,927951.0961107069,1.022896582292983
6427.336370061468,18,108.12569675457111,878850.5197172837,1.026368658349445
6441.5463940503005,22,151.0279774956729,1915289.6627670382,1.0255309576494624
6455.756418039133,18,136.0858867858572,1168907.936182178,1.0141805515526618
6469.966442027966,15,144.4107861004193,926784.4008517903,1.0190931917940134
6484.176466016798,14,128.97571186648366,756351.7339241337,1.0194675876054942
6498.386490005631,16,131.6824634795416,876330.7118733001,1.028702524538124
6512.596513994464,17,127.73270018663702,846303.0018925399,1.0295922682835361
6526.806537983296,15,131.76569329230736,816929.1525118604,1.0166023596407547
6541.016561972128,17,130.288633739164,883801.3178949594,1.0092679113113103
6555.2265859609615,18,131.9578653156228,960905.5921670764,1.0063487845280177
6569.436609949794,16,131.27017763354698,878893.649909817,1.0089422432771062
6583.646633938626,16,129.822718628896,847772.7814560138,1.0089422432771062
6597.856657927459,15,128.0227778030204,754898.3663632498,1.0092424412646561
6612.066681916292,15,122.0662159948362,722396.8387072873,1.0086165752429022
6626.276705905124,14,124.69287367836104,667021.6389013854,1.0089295082537793
6640.486729893957,15,119.61801717704391,684865.129446027,1.0086165752429022
6654.696753882789,19,112.39706769635644,784630.6310650905,1.0
6668.906777871622,19,112.9996783419656,817263.261357733,1.0
6683.116801860455,17,117.07284932071389,821689.487404114,1.0
6697.326825849287,17,117.96326368721839,797099.3962336902,1.0130492275903027
6711.536849838119,18,116.9428086511935,831886.2628358233,1.0025022905496384
6725.746873826953,19,117.54332715960311,863629.2878868615,1.0
6739.956897815784,21,118.75885537141878,964260.1597617884,1.0
6754.166921804617,21,119.66442706562131,985868.7378666583,1.0
6768.37694579345,21,118.82924412666151,998134.6336122165,1.0
6782.586969782282,20,123.23971526172372,1007201.1936871958,1.0
6796.796993771115,22,123.72616274568881,1071129.510801959,1.0044201858948059
6811.007017759948,20,127.03332466140294,1076811.0478604566,1.0
6825.21704174878,17,126.00525201737898,827431.224353427,1.0
6839.427065737613,17,125.71985467649864,812895.8352112743,1.0
6853.637089726446,13,127.12644443358265,636296.4811947732,1.015454540221491
6867.847113715277,16,125.39252484190511,874279.7323447352,1.0214276742951154
6882.057137704111,13,122.93699552096675,621044.4122028366,1.015454540221491
6896.267161692944,13,121.78303892311716,619358.6037398899,1.0176972651944414
6910.477185681775,13,121.24850230681463,628333.8864628461,1.0176972651944414
6924.687209670608,13,119.22444965599897,642771.9901098215,1.0176972651944414
6938.897233659441,13,125.43975471795626,655451.1715325497,1.0176972651944414
6953.107257648273,13,135.86204973439848,698533.7410021414,1.0170411723980946
6967.317281637106,12,137.471105149062,712765.5172194571,1.0085205861990474
6981.527305625938,12,134.33646996233205,666882.1132557626,1.0211046349452029
6995.737329614771,12,135.25149495995456,670466.7930118045,1.0211046349452029
7009.947353603604,13,135.0586518721401,701764.8396895784,1.0242515079095857
7024.157377592436,12,134.70312273860955,645635.8446378377,1.0247098027009485
7038.3674015812685,12,136.70022522963112,664803.7305393856,1.0247098027009485
7052.577425570102,13,137.66892112387674,752195.815447894,1.0242515079095857
7066.787449558934,10,125.01703727704903,470942.20037319924,1.0267072245346096
7080.997473547766,10,122.18442237543731,455191.5201938875,1.0267072245346096
7095.2074975365995,10,120.36780153870113,441621.9588517162,1.0236912315081106
7109.417521525432,10,117.58804966140619,426306.37564089324,1.0236912315081106
7123.627545514264,12,110.14032417927613,462101.7524030964,1.0330738713515282
7137.837569503097,12,96.07387367278929,453136.06002997287,1.0236912315081106
7152.04759349193,11,98.48607040334561,437729.99196781934,1.0196913885435928
7166.257617480762,10,93.98530441536381,379774.03101055085,1.0198700894586405
7180.467641469595,10,91.46435659104216,370795.0425526755,1.0198700894586405
7194.677665458427,10,88.85198638069154,368559.5562640149,1.0198700894586405
7208.88768944726,11,95.3278083493677,468145.91559762176,1.0609187337894437
7223.097713436093,11,95.4059874223365,471550.73544082156,1.0609187337894437
7237.307737424925,11,95.03183664967953,468608.19197026367,1.0609187337894437
7251.517761413757,14,93.76457478218953,534360.9134343914,1.0412487521600178
7265.727785402591,18,90.5852804513513,607895.9557426771,1.0809082045028848
7279.937809391423,18,86.22039417428323,577469.5819775389,1.0566233423844018
7294.147833380255,18,87.07638656450666,584726.9759391836,1.0398364749466142
7308.357857369088,15,84.79398404480212,509251.65979819815,1.0195698573059553
7322.567881357921,15,86.61807549025542,508998.61517179536,1.0179969617675344
7336.777905346753,15,88.26661529028713,585392.3705022205,1.0179969617675344
7350.987929335586,15,84.66405351816408,514527.68285816466,1.0295463990977556
7365.197953324418,13,79.38224309478088,476636.2095724958,1.0143138174263968
7379.407977313251,12,98.01569540830165,498205.28328898037,1.0230745453950032
7393.618001302084,13,100.22367043892223,511273.770819439,1.016602691692251
7407.828025290916,16,99.88134118708017,583024.254171081,1.0233719807020074
7422.0380492797485,16,102.18636506820941,609220.9470197645,1.0223634674084283
7436.248073268582,16,104.73132075563207,622771.1801626738,1.0253814033305
7450.458097257414,17,102.95830597579982,626463.8060845153,1.0420518498977882
7464.668121246246,17,102.04535717930408,610231.9921866978,1.0361965944768428
7478.8781452350795,17,101.71821684681301,598759.7852159878,1.0361965944768428
7493.088169223912,17,101.85537476062119,598896.6849545725,1.0420518498977882
7507.298193212744,14,96.9171688895836,471420.13878309395,1.0376468895455475
7521.508217201577,13,103.28917472318767,491594.19654920185,1.0332419291933068
7535.71824119041,11,104.43400960824803,446636.0723374941,1.0438036659287004
7549.928265179242,11,104.18920530852489,457412.3641466756,1.0438036659287004
7564.138289168075,12,112.68322942963427,502202.79843782325,1.040247571217914
7578.348313156906,12,111.26771541754144,494813.4044984599,1.040247571217914
7592.55833714574,15,116.06066846883546,679478.6898945735,1.0366914765071276
7606.768361134573,14,108.52784484767042,540485.2083886316,1.0300935007907777
7620.978385123404,13,110.27608056897681,503852.74654321896,1.0029881691360973
7635.188409112237,13,108.19129853429581,531927.2135815996,1.0115861478660608
7649.398433101071,12,107.32990903803635,476213.6629833495,1.0128047585379343
7663.608457089902,12,109.28201864148932,490570.4727763026,1.0120019973341994
7677.818481078735,12,110.59322165520426,505871.2762920592,1.0120019973341994
7692.028505067568,14,108.72678178423948,540954.1915060293,1.0260980193538396
7706.2385290564,16,104.78876870658885,569427.8426875663,1.0266441366888235
7720.448553045233,13,109.80717621090706,545574.6664504495,1.0244096030405092
7734.658577034066,14,107.20975692714514,810463.8454953225,1.0268196234146134
7748.868601022898,16,103.31662769930523,858819.414799846,1.0315238126628097
7763.078625011731,19,103.80489181906607,913901.5296535863,1.028967913462361
7777.288649000563,16,99.961653852608,890864.8264516408,1.0214302368072965
7791.498672989395,17,100.82328055081508,949372.8307127297,1.0244096030405092
7805.7086969782285,20,102.41035780969081,1483115.2073650348,1.026688758251435
7819.918720967061,17,97.90697276564632,992167.7283093331,1.0244096030405092
7834.128744955893,17,99.55594204449348,974452.9294402975,1.0244096030405092
7848.338768944726,16,103.88444471717568,970901.0298817264,1.026688758251435
7862.548792933559,16,105.05035567729276,973297.137978738,1.026688758251435
7876.758816922391,15,105.52950532536471,945504.8116786273,1.022194898071258
7890.968840911224,16,104.85273463305603,956249.3314268573,1.0217228590119323
7905.178864900056,18,104.01755447887939,998067.5003298589,1.0217228590119323
7919.388888888889,18,104.19606179220352,1001154.9936606607,1.019779476474818
7933.598912877722,18,120.31240511137175,976217.7247089572,1.0309743900654658
7947.808936866554,19,122.14192526539091,1014689.7702097428,1.0329808666685707
7962.0189608553865,19,121.77395463570234,1023082.1919194987,1.0303456571961807
7976.22898484422,18,119.7748575721962,949213.8036602404,1.0229521888027882
7990.439008833052,16,122.85604718447762,927887.4882654217,1.021197993188251
8004.649032821884,12,142.79235391781293,841053.2868614058,1.0192465574945238
8018.859056810717,12,143.33235138266892,873298.6819186588,1.0248302450800684
8033.06908079955,14,139.07071181571155,902936.3971124218,1.0330629775140385
8047.279104788382,12,147.54363124181862,883507.5503540998,1.017272060460908
8061.489128777215,14,137.97432396830834,923351.6734809929,1.0194501223181676
8075.6991527660475,14,143.2084762687698,1009619.0156820704,1.0392664187449339
8089.90917675488,11,153.73908025523852,848814.4169269192,1.0331604859444303
8104.119200743713,11,149.7620454157371,846134.3173913808,1.0315926048031867
8118.329224732545,13,148.91674564012095,1054372.0623422244,1.0084811828580411
8132.539248721378,13,142.69569684341215,1013141.6553197817,1.0084811828580411
8146.749272710211,13,135.8533385738008,982238.1245716077,1.0084811828580411
8160.959296699043,12,134.2305748709008,970663.0283716216,1.0142020522389548
8175.169320687875,12,165.63521815757778,1151683.9127640286,1.0209415000495674
8189.379344676709,12,159.4032119299586,1112243.060680483,1.01738895123242
8203.58936866554,12,153.57187857284836,1070771.963180893,1.0260398689923123
8217.799392654373,11,147.33561304816695,973010.3458593,1.030462844648959
8232.009416643206,11,142.24677466754804,955536.1035675736,1.0216168933356653
8246.219440632038,11,130.363979169451,946240.4594081824,1.0216168933356653
8260.429464620871,12,171.85819899988422,1196383.2355051516,1.017520087854741
8274.639488609704,14,152.38302900174438,1225120.8869968238,1.0124266061463074
8288.849512598536,13,167.0087930745014,1205456.9632628518,1.0135696838937935
8303.059536587369,15,181.31667930880792,1487719.9042010338,1.0112835283988213
8317.269560576202,15,179.07197763311447,1455823.8049419827,1.0135696838937935
8331.479584565033,14,178.18729242517702,1406245.7525410845,1.0124266061463074
8345.689608553866,14,167.70862265233686,1379198.2343610066,1.0105238411618758
8359.8996325427,17,153.24408979498705,1445853.4066311966,1.0133518758898772
8374.109656531531,16,164.1003944043189,1409728.6591997743,1.0168898205795251
8388.319680520364,16,151.12091153732263,1359760.8348477432,1.0168898205795251
8402.529704509197,16,144.36195156246197,1315093.455831502,1.026853972563453
8416.739728498029,17,137.41918127646778,1277929.3272346884,1.0214704918156883
8430.949752486862,18,132.809562758657,1296627.7941922436,1.0174111838527828
8445.159776475695,20,126.43461676179214,1311097.7056936705,1.0093797501220205
8459.369800464527,20,124.96309135205766,1304597.3853132734,1.0290418177691314
8473.57982445336,20,138.65183489318295,1294010.905487622,1.0368903948426347
8487.789848442193,19,154.62087312993285,1535563.4617660972,1.0371676459626948
8501.999872431024,20,151.64116641463139,1556697.2297093512,1.0376004935982777
8516.209896419858,18,154.01852160951847,1562018.4944570148,1.0329130072123762
8530.41992040869,18,154.1510782582988,1600278.4524192077,1.0329130072123762
8544.629944397522,18,155.6108334118317,1643169.2201293102,1.0363745507564286
8558.839968386355,19,164.80245182569777,2025582.594036174,1.0311409933554394
8573.049992375189,19,163.34627016935045,1986338.8350944698,1.0593943159993329
8587.26001636402,18,179.84346544284412,2015422.0208987931,1.055732470053326
8601.470040352853,19,197.20559393084392,2074190.4340136126,1.0835645941738672
8615.680064341686,18,202.46475562236066,2101297.494211492,1.0715416886358429
8629.890088330518,18,200.7646727259183,2131734.7301899074,1.0678176091405929
8644.100112319351,19,192.50864858205145,2175066.6650755345,1.0581217012333946
8658.310136308184,21,192.04303082663856,2259975.8032920584,1.0798671274130263
8672.520160297016,21,194.1210288091169,2328206.8904720293,1.0798671274130263
8686.730184285849,20,203.49649938197865,2550191.2813198026,1.0496012762882372
8700.940208274682,17,219.58999772879088,2324667.745306512,1.0410808513430798
8715.150232263513,17,219.32063307153726,2332415.395326028,1.044122168372077
8729.360256252347,16,194.41277240680336,1950870.715024243,1.0475184431675935
8743.57028024118,16,190.41060553088846,1836777.1688376693,1.0505597528811976
8757.780304230011,15,184.4348562533787,1758039.697519024,1.0463349103955981
8771.990328218844,16,179.11165748717346,1718285.9207301587,1.0547070474018698
8786.200352207677,21,175.82236526419118,2090954.2572643938,1.0587502301628138
8800.410376196509,20,173.005018502312,1985446.4505545606,1.05559211156643
8814.620400185342,17,185.6539296523886,1935644.9115707146,1.0506638646409259
8828.830424174175,16,169.3699634576329,1776678.0190289859,1.0358991200385446
8843.040448163007,18,167.96445885548488,1901223.3895501755,1.0263184940596355
8857.25047215184,18,171.6602692490013,1888634.3415845498,1.0277650268889733
8871.460496140673,15,171.79279086306607,1627469.551371369,1.0201965408217533
8885.670520129504,14,177.57823346578797,1627033.365701728,1.0278881149069297
8899.880544118338,14,175.81833207276497,1622608.670401399,1.0307621087697891
8914.09056810717,16,185.1620462506057,1912861.105821747,1.016433799970308
8928.300592096002,15,188.1550371189506,1828450.2711633972,1.016704012358192
8942.510616084835,15,172.98008619793154,1783735.0214497491,1.016704012358192
8956.720640073669,14,213.91239271838026,2343014.7015571194,1.0136149250190813
8970.9306640625,13,217.04510259974188,2269766.7267254503,1.0226968222339998
8985.140688051333,14,233.8247688176332,2750808.8018622734,1.0335135776957411
8999.350712040166,14,228.49927393993323,2666716.9463099274,1.0335135776957411
9013.560736028998,14,221.7073142028692,2574048.865504408,1.0335135776957411
9027.770760017831,16,219.69325587128023,2968509.0383210145,1.0370564132131546
9041.980784006664,17,218.5340059321871,3159613.104633893,1.0368740920177364
9056.190807995496,18,203.63744629990276,3189154.153613386,1.0340605808403585
9070.400831984329,18,211.81335229950363,3124430.994248528,1.0340605808403585
9084.610855973162,15,201.26927942465656,2389114.861715587,1.0343984272139137
9098.820879961993,15,194.3524946115254,2311063.135043541,1.0351308216476551
9113.030903950827,15,184.11570301073658,2135012.3828471834,1.0351308216476551
9127.24092793966,15,175.58381856694166,2047544.5820972552,1.0351308216476551
9141.450951928491,15,168.87112251031135,1948254.3625612317,1.0368740920177364
9155.660975917324,14,174.10995533827858,1856610.852555747,1.0375688688908247
9169.870999906158,15,157.76544981444044,1779504.8877058572,1.029145679546077
9184.081023894989,13,151.0726517768631,1560321.1665556296,1.02470217395568
9198.29104788382,13,143.14199928176055,1490289.736166632,1.02470217395568
9212.501071872655,11,159.52730587448315,1316712.4603618965,1.0368740920177364
9226.711095861487,10,161.25578679804005,1278522.5686407937,1.0308477622859136
9240.921119850318,11,212.7493899300724,1594904.5229728746,1.02470217395568
9255.131143839153,11,211.8297711158102,1572462.1935701566,1.02470217395568
9269.341167827984,11,213.62016242723533,1555416.9676563062,1.0245479955374555
9283.551191816816,11,213.22031608786247,1538596.7763138558,1.0245479955374555
9297.76121580565,12,183.88867317514092,1525878.2675916834,1.0238307093531516
9311.971239794482,12,187.13518751257052,1501130.8765902082,1.0257507239540629
9326.181263783314,12,190.38249660595514,1519973.894944616,1.0391488226143584
9340.391287772149,11,199.105693975632,1467284.598988674,1.0427722367205552
9354.60131176098,12,204.19472594372613,1697053.3938660354,1.0374660461030507
9368.811335749811,13,184.29230106855988,1712602.3910161168,1.0321598554855462
9383.021359738646,13,187.65426531947801,1745308.8827842579,1.0321598554855462
9397.231383727478,13,192.7562590863212,1798775.8299322426,1.0321598554855462
9411.44140771631,13,197.92648013232014,1869421.1641704037,1.0321598554855462
9425.651431705144,13,204.04329263366256,1965996.836114065,1.0219911914594244
9439.861455693976,13,207.96981098729032,2068357.782343477,1.024706413578305
9454.071479682807,13,214.16835785312014,2160631.191852,1.024706413578305
9468.281503671642,12,203.13185167849994,1909811.4486712818,1.0260386894175908
9482.491527660473,12,204.36747050970845,1990653.3102712834,1.0260386894175908
9496.701551649305,12,205.6030893409169,2080942.6829052086,1.0260386894175908
9510.91157563814,12,205.04463873207396,2184875.448692288,1.0237758170083668
9525.121599626971,11,178.34434930311073,1724248.91254333,1.0273709652568763
9539.331623615803,10,209.14575898340854,1735853.4164412068,1.0310601554057395
9553.541647604638,11,234.63834343587325,2053803.7627255798,1.025674806776121
9567.751671593469,11,232.15653668195725,2088198.1698556372,1.0241187608491737
9581.9616955823,11,234.04392628265643,2091788.2721049401,1.0241187608491737
9596.171719571134,11,232.52486159475018,2052927.0861754692,1.0241187608491737
9610.381743559967,11,220.8898523460839,2016458.2756905349,1.0150637830678846
9624.591767548798,10,217.1898126739,1884646.0912696715,1.0193512963811036
9638.801791537631,11,182.70711428427828,1912396.5783897857,1.0292426020821273
9653.011815526464,11,173.85707168008972,1727237.439132502,1.0292426020821273
9667.221839515296,10,185.06529396391443,1687840.6687773715,1.043272657516093
9681.431863504129,10,188.6682985247584,1719303.471195899,1.043272657516093
9695.641887492962,10,195.1001255848065,1739229.9872872785,1.0408051569133947
9709.851911481794,10,196.74822710895234,1757533.0810482125,1.0408051569133947
9724.061935470627,10,197.71846004167276,1784110.632227901,1.0386297083172131
9738.27195945946,10,193.53359642438147,1811988.2645932967,1.034150570020445
9752.481983448291,9,187.13759398991252,1526594.953521239,1.0433723533731054
9766.692007437125,10,181.36611929836891,1560960.3018593627,1.0344309552269562
9780.902031425958,10,187.19267240390747,1598563.5831918474,1.0344309552269562
9795.11205541479,10,192.39440642925757,1644356.7479052567,1.0344309552269562
9809.322079403622,10,214.00810171952162,1694680.131467607,1.039960209056391
9823.532103392456,9,229.31912921574425,1706745.4565660432,1.0365480647396765
9837.742127381287,10,236.95250308624688,1924395.5042445757,1.0361174353377747
9851.95215137012,10,235.6020457669268,1896754.5978129732,1.0361174353377747
9866.162175358953,10,232.32633350092718,1872157.0035372875,1.0361174353377747
9880.372199347785,10,230.8626753079011,1850499.8877712719,1.0305804497285047
9894.582223336618,10,232.32570052705728,1836769.8384551997,1.014665728825737
9908.792247325451,10,226.34058782028754,1842124.8083375134,1.014665728825737
9923.002271314283,10,203.07577687305653,1846439.0879624742,1.0091940817436686
9937.212295303116,12,226.6871698733071,2739477.133659986,1.018224665317106
9951.422319291949,10,200.0813752574051,1792120.0679031494,1.018224665317106
9965.63234328078,12,217.92672949400654,2575960.2112019625,1.0215050622068678
9979.842367269614,11,199.1357802561353,2151499.126106993,1.0346515655785289
9994.052391258447,9,180.04308193701473,1879992.697479006,1.0346515655785289
10008.262415247278,8,272.55203736311927,3496275.343656485,1.038441319990393
10022.472439236111,7,232.6341945940403,1311044.1070220745,1.0346515655785289
10036.682463224945,7,229.19484078142503,1306635.1638122404,1.0346515655785289
10050.892487213776,7,237.1609787949864,1306227.0191484,1.061939811440498
10065.10251120261,8,257.19315490014696,1739992.0324994933,1.0518917556906042
10079.312535191442,9,250.75151392997108,1803245.9542024154,1.0418436999407106
10093.522559180274,9,242.51616890696758,1830014.0748573386,1.0418436999407106
10107.732583169107,9,239.04012491367808,1846581.2722670971,1.0418436999407106
10121.94260715794,9,245.24061670309374,1842836.1443831555,1.0418436999407106
10136.152631146771,9,245.73151681593396,1834615.2709969184,1.0418436999407106
10150.362655135605,11,254.73309848106948,2500449.233388831,1.0497745616705223
10164.572679124438,11,222.85043024269,2061916.6011105487,1.0267155064847495
10178.78270311327,10,211.68516697210552,1910344.8129489555,1.0343373371457578
10192.992727102102,10,202.2354923496205,1852408.4684580858,1.0343373371457578
10207.202751090936,10,197.42488821821433,1804508.7947054324,1.0343373371457578
10221.412775079767,11,183.75213768078322,1835639.5184493912,1.0330083985983618
10235.6227990686,12,214.17999702412155,2726859.198529166,1.026243145123943
10249.832823057433,12,193.4571031746242,2300524.335830159,1.026243145123943
10264.042847046265,14,186.0608242039937,2161330.153715151,1.0390228193317959
10278.252871035098,13,175.53609097374178,1930401.728586694,1.0423793629704377
10292.462895023931,19,163.6205963526524,2321029.916792522,1.035666275693154
10306.672919012763,19,165.52652845356303,2240860.18105876,1.0450190036761378
10320.882943001596,18,156.2710418132937,2163411.0169973006,1.0266701233303692
10335.092966990429,18,161.713831971623,2638034.4466702496,1.0266701233303692
10349.30299097926,16,149.52173590398834,2093988.094362023,1.0172184690945372
10363.513014968094,14,156.6035517193932,2047281.7081199684,1.0249107412825835
10377.723038956927,16,136.91533799596934,2079829.2352618508,1.0343623955184158
10391.933062945758,17,139.86305153827473,2120918.0431818296,1.0330585153436775
10406.143086934591,19,133.1069235357901,2169755.1763889566,1.0167629672214895
10420.353110923425,13,149.01442794157754,2083006.574183403,1.0148851797418468
10434.563134912256,17,159.64163206087264,2752934.924143577,1.0241918749979262
10448.77315890109,16,182.59247874289306,2553259.0205257405,1.0239954989512237
10462.983182889922,13,203.20624526290288,2321035.909627315,1.0241918749979262
10477.193206878754,13,189.24146854422114,2263537.194717145,1.0241918749979262
10491.403230867587,12,194.75000689465824,2226220.023453813,1.027805483180597
10505.61325485642,13,210.30909529551514,2357570.875272225,1.0243296750351836
10519.823278845251,14,210.2247408582338,2376839.6247860217,1.0227971009995585
10534.033302834085,13,201.24712522092042,2203138.687386724,1.0243296750351836
10548.243326822918,11,229.4755146337344,2189123.9819001392,1.0243296750351836
10562.45335081175,12,208.25491089158166,1953114.4077237253,1.059126174839439
10576.663374800582,13,193.48379611170012,1931611.6968983624,1.058965953020609
10590.873398789416,9,229.4480918386859,1861358.322363744,1.0228184978549506
10605.083422778247,9,224.86306829294625,1831555.1117199992,1.0228184978549506
10619.29344676708,10,226.3129852093003,2147488.6056053946,1.0346194061289582
10633.503470755913,9,260.95782410968616,2145732.0452148705,1.0444435225630537
10647.713494744745,7,207.55559195411598,1408812.6666708793,1.0267629542292633
10661.923518733578,9,220.55880497151864,1931141.5271822512,1.0444435225630537
10676.133542722411,10,222.20199885543136,2038545.0690561607,1.0433466215168976
10690.343566711243,9,224.32254051235498,1732789.3919521074,1.0422497204707413
10704.553590700076,9,188.9536758464831,1227034.1990593944,1.0459897270544862
10718.763614688909,9,183.70625222233429,1184703.2600282808,1.0459897270544862
10732.97363867774,10,215.599475995501,1419363.7888533764,1.0313957709085497
10747.183662666574,10,221.03627035102733,1401836.5012308029,1.0233803709749731
10761.393686655407,11,191.78896326615663,1371061.9394530947,1.025117934172322
10775.603710644238,12,186.72732285041596,1367450.169620585,1.0089351638337107
10789.813734633071,11,194.51938451346433,1336782.7847704336,1.0103541907631959
10804.023758621905,11,196.45353952624617,1345502.5425048284,1.0103541907631959
10818.233782610736,11,199.05483129935823,1366391.1661691891,1.0103541907631959
10832.44380659957,11,200.15077092217334,1394213.949361521,1.0103541907631959
10846.653830588402,11,201.18131463910134,1431878.2377624598,1.0103541907631959
10860.863854577234,11,213.5643254912054,1444434.024428712,1.0050698930520168
10875.073878566065,11,208.38472037643206,1389311.9297924908,1.004649176192029
10889.2839025549,9,233.36912160596663,1338048.9845797762,1.004649176192029
10903.493926543732,9,219.20181791798035,1310540.2092955094,1.004649176192029
10917.703950532563,8,188.48798630503305,1051449.5432302135,1.0323662908546973
10931.913974521398,8,180.3517394098847,1025145.7323182849,1.0471680604239713
10946.12399851023,8,170.92134919855562,1015230.7446607874,1.0520023637254727
10960.33402249906,8,158.64754068760843,977306.8694185471,1.0520023637254727
10974.544046487896,10,136.36967776763277,964453.7056215436,1.0473581132960383
10988.754070476727,9,140.86360899182992,918236.4636372528,1.0560146684066634
11002.964094465558,8,184.62410657999504,811363.278106416,1.0596619157647367
11017.174118454393,7,188.11234931764196,759999.5535956273,1.06330916312281
11031.384142443225,7,181.85165249930455,729380.1896454347,1.06330916312281
11045.594166432056,8,165.51392906701756,865567.8791695682,1.070539866126629
11059.804190420891,9,148.12930594232995,803125.9103972312,1.0544988906939228
11074.014214409723,10,110.6369557413495,719947.9425546537,1.032722927908448
11088.224238398554,9,111.06197445641502,645950.8605586888,1.0109469651229732
11102.434262387389,9,103.65153003021385,594798.5692156053,1.0109469651229732
11116.64428637622,10,98.05907086884669,583889.6421959199,1.0188968115597121
11130.854310365052,11,97.27217763203487,589733.2577411855,1.012536003150654
11145.064334353887,9,95.64225937956701,523818.27472652786,1.0129517361719311
11159.274358342718,9,93.74469022751938,507407.9920568518,1.0169941640881057
11173.48438233155,10,96.31133751011697,543865.5386563949,1.0149729501300184
11187.694406320385,10,94.6479996184213,537486.1879271187,1.01476508361938
11201.904430309216,9,108.62967748193688,534821.7365197039,1.0169941640881057
11216.114454298047,9,109.04591240589309,528646.9353044357,1.0169941640881057
11230.324478286882,9,92.37841395794231,445725.1552397875,1.0111153381912834
11244.534502275714,9,92.51641908619528,437340.5075473978,1.0111153381912834
11258.744526264545,9,87.31514021072587,435091.4236155215,1.0111153381912834
11272.95455025338,9,88.25316592943554,434410.2849355359,1.0111153381912834
11287.164574242212,10,94.83948551113753,438851.0273418584,1.0063780444281263
11301.374598231043,10,96.93478596930431,445826.3126846753,1.0063780444281263
11315.584622219876,10,95.39376123378216,455253.37995214155,1.0063780444281263
11329.79464620871,9,99.19172870770386,398899.7940141514,1.0104391096308347
11344.00467019754,8,100.03805846265251,379861.62549429387,1.0186272662194402
11358.214694186374,8,100.57004978417532,367780.6743292511,1.0186272662194402
11372.424718175207,9,106.03591698621901,429223.1289434975,1.0145705010626218
11386.634742164038,8,107.77871017185292,373676.79279926006,1.0200392944245036
11400.844766152872,8,110.87123193002684,386915.6785954904,1.0236705739026792
11415.054790141705,8,105.28257369154663,422758.1946428828,1.0358746220275155
11429.264814130536,7,112.09147839566135,473055.0498326085,1.033494750412036
11443.47483811937,7,114.28146210095869,494866.3752442815,1.033494750412036
11457.684862108203,7,131.95208062547778,882736.4022888229,1.033494750412036
11471.894886097034,6,125.71581119640514,501562.076748549,1.0564614215532948
11486.104910085867,6,126.63921627265128,500222.2400452484,1.0564614215532948
11500.3149340747,6,127.1456384110379,488930.58251284977,1.0603455163101183
11514.524958063532,6,127.39659402321209,479064.9394410168,1.074934024787649
11528.734982052365,6,126.40248819846117,479604.9020551945,1.074934024787649
11542.945006041198,6,128.6245386460693,479175.7276189267,1.074934024787649
11557.15503003003,6,139.13733339507763,482642.67283165763,1.0678993021567993
11571.365054018863,6,140.48824080930746,486541.8062918189,1.0532434341072479
11585.575078007696,7,138.31678285487595,531395.8867605366,1.0387766254487318
11599.785101996527,7,135.42837241856418,519254.5417073597,1.0387766254487318
11613.99512598536,7,133.2412327045551,504222.8408001608,1.0387766254487318
11628.205149974194,4,149.4450412902826,360208.3722847136,1.0353057465379902
11642.415173963025,4,131.28179195037387,363260.634883007,1.034590185537083
11656.625197951858,4,128.96692647765855,368817.4858101885,1.034590185537083
11670.835221940692,4,129.83334076349286,375661.34402731585,1.034590185537083
11685.045245929523,4,127.320033778385,383016.14969057287,1.0339561642477788
11699.255269918356,4,141.8975832489842,387448.22052435327,1.0309419483446445
11713.46529390719,3,200.2831942252735,388442.63094142964,1.0442570551150088
11727.67531789602,3,201.3406042131561,395195.6191466856,1.0442570551150088
11741.885341884854,3,202.39801420103885,402085.2245723181,1.0442570551150088
11756.095365873687,3,195.23336195941556,409132.4502649721,1.0442570551150088
11770.305389862518,3,196.55057949392634,417020.26393857325,1.0442570551150088
11784.515413851352,3,204.04007866296806,427415.84331693937,1.0442570551150088
11798.725437840185,3,206.51495310092324,437951.7550603228,1.0442570551150088
11812.935461829016,3,201.78020508479108,453125.0947106453,1.0245976728863853
11827.14548581785,3,205.05520860369276,472315.96801715135,1.0245976728863853
11841.355509806683,3,208.33021212259442,492064.6567440225,1.0245976728863853
11855.565533795514,3,211.2250963866647,513189.32447212737,1.0388461838883787
11869.775557784347,3,216.93917537505627,537465.6416458334,1.0388461838883787
11883.98558177318,3,222.65325436344781,562392.8504315334,1.0388461838883787
11898.195605762012,3,234.22383052109643,579876.9233020587,1.0388461838883787
11912.405629750845,3,235.30358308378834,574748.7992070989,1.0370114564973785
11926.615653739678,3,232.97360038168256,567844.756593893,1.0370114564973785
11940.82567772851,3,230.643617679577,561099.9082080629,1.0370114564973785
11955.035701717343,3,228.31363497747122,554514.2540496067,1.0370114564973785
11969.245725706176,3,206.75589420282515,550245.8611901305,1.033196049754858
11983.455749695007,3,209.0576067639385,547738.5620999455,1.033196049754858
11997.66577368384,3,216.25893603822283,547852.8223717727,1.033196049754858
12011.875797672674,3,217.02875448404254,548650.2358417343,1.033196049754858
12026.085821661505,3,232.88908647316518,549619.9614573016,1.0419222254166585
12040.295845650338,3,231.29384108816623,553064.1226685802,1.0419222254166585
12054.505869639172,3,233.08115672557045,556846.9940688307,1.0419222254166585
12068.715893628003,3,236.62328319004152,560284.2540266436,1.0419222254166585
12082.925917616836,3,258.23673905464346,560419.9866264057,1.0469387468253915
12097.13594160567,3,258.3872943780033,559746.6652132329,1.0469387468253915
12111.3459655945,3,260.7133195956538,559080.6426877853,1.0469387468253915
12125.555989583334,3,276.90916514476373,557363.8751521545,1.0597399447987035
12139.766013572167,3,275.65141721621495,552423.847513783,1.0597399447987035
12153.976037560999,3,246.2884652938786,547118.6877119032,1.066259508060698
12168.186061549832,3,244.29410496804925,541380.377415353,1.066259508060698
12182.396085538665,3,213.008732195117,534379.0483384966,1.0641699593025395
12196.606109527496,3,194.89380436578742,528855.2178473695,1.0641699593025395
12210.81613351633,3,194.44437602500366,526065.1654382143,1.0641699593025395
12225.026157505163,3,193.9949476842199,523378.6165418026,1.0641699593025395
12239.236181493994,3,193.54551934343624,520795.57115813467,1.0641699593025395
12253.446205482827,3,193.69915961017736,520057.8869115236,1.0332674716879642
12267.65622947166,3,198.6442891612849,519351.3339303374,1.0332674716879642
12281.866253460492,3,169.4720402392996,521062.4943464965,1.0332674716879642
12296.076277449325,3,168.91274483323326,523460.1938207607,1.0332674716879642
12310.286301438158,3,174.14015356916016,526122.2193732662,1.0332674716879642
12324.49632542699,3,188.41443090873705,528845.111942611,1.0332674716879642
12338.706349415823,3,197.58514608103508,529254.6065353982,1.026685216236683
12352.916373404656,3,197.29198524359504,529645.2227767434,1.026685216236683
12367.126397393487,3,213.9001424381934,531583.1510584225,1.026685216236683
12381.33642138232,3,208.92289307398474,535295.9579625835,1.0232610707677345
12395.546445371154,3,245.90476796818265,535191.8557012076,1.0229847790685282
12409.756469359985,3,243.04510459083934,524332.5129193038,1.0229847790685282
12423.966493348818,4,138.5332474691248,516940.5323792634,1.0190806138416897
12438.17651733765,4,148.94364729320145,511471.43844171066,1.0254438863859483
12452.386541326483,4,153.16051656277742,508172.2982574491,1.0323266496701737
12466.596565315316,4,159.2735557349056,504216.46763165266,1.0323266496701737
12480.806589304148,3,176.1303890835539,500721.81225915893,1.0279029937033686
12495.01661329298,3,183.35762361251616,502904.4270251159,1.0279029937033686
12509.226637281814,3,190.58485814147846,507151.5915340551,1.0279029937033686
12523.436661270645,3,197.81209267043985,513463.3057859756,1.0279029937033686
12537.646685259479,3,183.65853418589168,525833.5439205392,1.0274070213634745
12551.856709248312,3,193.05825147555507,543936.7560700186,1.0274070213634745
12566.066733237143,3,202.45796876521723,564013.8356452349,1.0274070213634745
12580.276757225976,4,190.02622954524,621857.0222751696,1.0137035106817374
12594.48678121481,4,206.2947650488694,664948.9182043596,1.0137035106817374
12608.69680520364,4,227.12146019323728,714704.5427307991,1.009458657561353
12622.906829192474,4,240.7889361247061,771713.365487887,1.009458657561353
12637.116853181307,4,256.68372142957634,835938.0595370552,1.009458657561353
12651.326877170139,4,272.57850673444443,905977.2521619382,1.009458657561353
12665.536901158972,4,287.5466356322806,981796.9571148548,1.009458657561353
12679.746925147805,4,303.0275609263422,1060883.369225371,1.009458657561353
12693.956949136636,3,286.6740866848644,718859.5050292839,1.0
12708.16697312547,3,298.55762901321657,757583.144315808,1.0
12722.376997114303,3,267.8761920609818,799769.6229669133,1.0
12736.587021103134,3,276.3980571289376,844709.3609373327,1.0
12750.797045091967,2,200.41197474950383,388155.4434211612,1.0790762635681093
12765.0070690808,2,275.08364066562655,381916.6551782067,1.0790762635681093
12779.217093069632,2,274.5008728892915,380344.99131512217,1.0790762635681093
12793.427117058465,2,273.91810511295637,378803.7588497703,1.0790762635681093
12807.637141047298,2,273.3353373366212,377292.95778215164,1.0790762635681093
12821.84716503613,2,272.7525695602861,375812.5881122662,1.0790762635681093
12836.057189024963,3,278.4033795235632,398925.28574861865,1.0
12850.267213013796,2,301.0931302143103,379285.857206777,1.0006462021849059
12864.477237002628,2,301.9285299721159,383707.645763505,1.0006462021849059
12878.68726099146,2,302.7639297299216,388398.5124838554,1.0006462021849059
12892.897284980294,2,303.59932948772735,393358.4573678276,1.0006462021849059
12907.107308969125,2,297.19654970714,397136.83677472034,1.0
12921.317332957959,2,296.6844212436424,394727.30070814653,1.0
12935.527356946792,2,296.1722927801448,392369.81609413185,1.0
12949.737380935623,2,295.6601643166473,390064.3829326766,1.0
12963.947404924456,2,295.1480358531497,387811.00122378016,1.0
12978.15742891329,2,294.63590738965206,385609.6709674428,1.0
12992.367452902121,2,294.1237789261546,383460.3921636649,1.0
13006.577476890954,2,215.7744436214404,394663.2400912429,1.0184375766168774
13020.787500879787,2,225.5742471791838,409470.46429257066,1.0184375766168774
13034.997524868619,2,235.374050736926,426161.78316948656,1.0184375766168774
13049.207548857452,3,210.87486701318838,447934.616253577,1.0
13063.417572846285,3,224.63506330157537,479017.8659578777,1.0
13077.627596835116,3,238.39525958996063,519431.53084146127,1.0
13091.83762082395,3,252.1554558783476,569175.6109043382,1.0
13106.047644812783,3,265.9156521667346,628250.1061465037,1.0
13120.257668801614,3,279.67584845511993,696655.0165679487,1.0
13134.467692790447,3,293.4360447435069,774390.3421686905,1.0
13148.67771677928,3,307.1962410318939,861456.0829487211,1.0
13162.887740768112,3,320.9564373202791,957852.2389080272,1.0
13177.097764756945,2,330.69575204144456,687331.7869372817,1.0018771400967652
13191.307788745778,2,332.61235591995626,695927.4729290062,1.0018771400967652
13205.51781273461,2,334.52895979846784,704576.9037528562,1.0018771400967652
13219.727836723443,3,308.72323535446895,782376.3775581184,1.0037542801935306
13233.937860712274,3,310.92966975822856,797224.616812336,1.0037542801935306
13248.147884701108,4,262.2071589264194,814386.3101844089,1.0018771400967652
13262.35790868994,4,265.57931567899624,831240.3968852336,1.0018771400967652
13276.567932678772,4,268.95147243157265,848738.5604689212,1.0018771400967652
13290.777956667605,4,263.0429096477379,864402.9502512196,1.0
13304.987980656439,4,266.1671706983353,874487.7167287252,1.0
13319.19800464527,4,269.2914317489324,885092.4562625972,1.0
13333.408028634103,4,273.42104516156746,912621.5587726674,1.0018771400967652
13347.618052622936,5,265.1497149488725,1010886.680701231,1.0
13361.828076611768,4,260.88422224335375,557730.3320916479,1.0
13376.038100600601,4,261.1039377230244,555476.8533717373,1.0
13390.248124589434,4,261.3236532026949,555934.2832769535,1.0
13404.458148578266,6,253.16473577196038,915376.0346622625,1.0
13418.668172567099,5,283.7739220159197,897099.340385159,1.0
13432.878196555932,5,285.6103802803655,873111.0893683474,1.0
13447.088220544763,6,283.14558668150136,846616.6255042638,1.0
13461.298244533597,6,246.685268532259,803211.1075758495,1.0
13475.50826852243,6,257.1397133944088,813733.0883039177,1.0018771400967652
13489.718292511261,6,255.7171296703251,960088.2759739797,1.0018771400967652
13503.928316500094,6,255.02110025802995,1255705.2392363218,1.0018771400967652
13518.138340488927,5,234.00820820119975,558757.0251897719,1.0037542801935306
13532.348364477759,4,249.49576210576032,563493.5460181762,1.0018771400967652
13546.558388466592,4,249.29668717527272,566508.2742801708,1.0018771400967652
13560.768412455425,5,236.83392747903812,587827.531977579,1.0
13574.978436444257,4,266.55305121691066,604491.2645718637,1.0018771400967652
13589.18846043309,4,270.12646019981736,622996.6001270867,1.0018771400967652
13603.398484421923,4,273.69986918272394,643224.6970914223,1.0018771400967652
13617.608508410754,5,282.9114861196974,737096.3358132242,1.0037542801935306
13631.818532399588,3,315.44583876706855,634718.677665947,1.0711256874188564
13646.02855638842,3,317.1126436227668,652252.8061812992,1.0711256874188564
13660.238580377252,3,318.3094335193694,659731.2345633875,1.0711256874188564
13674.448604366085,3,319.46251284561464,663006.9518486998,1.0711256874188564
13688.658628354919,6,278.10667484007735,841273.9987197653,1.0374399838061934
13702.86865234375,7,163.91143932096918,860802.7282581694,1.017573670384057
13717.078676332583,6,174.90947158925627,869919.2503855036,1.0087868351920286
13731.288700321416,6,179.18101753667392,897319.2538580751,1.0312662690315042
13745.498724310248,6,205.9845730907289,930089.7552135058,1.0158103493127242
13759.708748299081,6,211.09514186365962,973439.1691436467,1.0168800015570363
13773.918772287914,6,219.5268015247888,1017130.875274325,1.0168800015570363
13788.128796276746,5,265.5349222831157,983966.3325735347,1.019712974872681
13802.338820265579,3,301.9891042498293,920902.8619790514,1.019712974872681
13816.548844254412,3,307.52790604412314,926800.8260617438,1.019712974872681
13830.758868243243,3,307.6960580521917,926934.1850061028,1.019712974872681
13844.968892232077,3,312.8132595245008,933075.8128806564,1.019712974872681
13859.17891622091,3,318.8574528813431,940871.8063046111,1.019712974872681
13873.388940209741,3,319.76020247188717,888124.3496366236,1.0252995914288296
13887.598964198574,3,322.16763189489876,840574.3818041042,1.0252995914288296
13901.808988187408,2,283.38979150903367,487727.4215817398,1.1188514026349352
13916.019012176239,2,282.6994016885625,485228.03311304434,1.1188514026349352
13930.229036165072,2,282.0090118680912,482737.7947278881,1.1188514026349352
13944.439060153905,2,268.14582746165115,465302.8954693955,1.0925320055153778
13958.649084142737,2,267.7598734835787,447520.79721581325,1.0777183871170835
13972.85910813157,3,112.60137041750528,443571.0282199099,1.0
13987.069132120403,3,133.09612711678977,444560.1081760019,1.0
14001.279156109234,4,105.71762049710925,464271.0431375034,1.0
14015.489180098068,4,135.19328356346483,503779.6868413927,1.0064194449611068
14029.6992040869,4,169.17068998861936,552919.1771217607,1.0064194449611068
14043.909228075732,4,237.2745387461638,767601.4078872128,1.0
14058.119252064565,4,238.86659342898966,739055.7733763414,1.0
14072.329276053399,4,189.0627706029179,474340.04993872374,1.0
14086.53930004223,4,179.9401127862609,440663.6249312643,1.0
14100.749324031063,4,167.4818791875449,404476.6834719731,1.0
14114.959348019895,4,155.02364558883053,388387.5151127376,1.0
14129.169372008728,6,118.86614178599024,303556.4188345332,1.0
14143.379395997561,6,139.554093144452,352166.5599416788,1.0
14157.589419986392,4,142.53749806392082,250254.93869183405,1.021432279068456
14171.799443975226,4,144.58415462643111,266216.5993638189,1.021432279068456
14186.009467964059,4,145.15880313233188,282847.22542341833,1.0197791011379125
14200.21949195289,5,141.78536527454403,312216.15698138584,1.0110767663545048
14214.429515941723,7,142.55006194529264,464526.09394130984,1.0140691071503787
14228.639539930557,5,138.7294423623103,382595.60655597056,1.009927694380867
14242.849563919388,5,141.02299268464427,400003.8633816462,1.009927694380867
14257.059587908221,5,150.99006660688374,406455.7552084317,1.009927694380867
14271.269611897054,5,149.3993424398079,441711.0155332401,1.0031931098067728
14285.479635885886,4,190.06720055829163,465507.5015040329,1.00656040209382
14299.689659874719,5,198.71915589737532,628917.837076073,1.005510117237168
14313.899683863552,4,156.75819155331925,369054.8203582829,1.0091548704765432
14328.109707852384,4,156.3230013801547,367884.2865732138,1.0091548704765432
14342.319731841217,4,154.1781372877668,367330.17955586,1.0090921967101623
14356.52975583005,4,151.97390075723396,374679.43358580896,1.0090921967101623
14370.739779818881,4,167.48692077195,385242.44452332007,1.0090921967101623
14384.949803807714,4,171.01809432812894,379745.3792578066,1.0169668889952437
14399.159827796548,4,172.03953221223827,376427.30335068493,1.0188946441648747
14413.369851785379,5,173.24976967130678,411748.737334947,1.0278615939488822
14427.579875774212,3,199.60052813352283,350620.5766481522,1.0336315916319858
14441.789899763045,3,203.75379510254223,372489.4988770279,1.0336315916319858
14455.999923751877,3,207.9070620715611,395341.4080523919,1.0336315916319858
14470.20994774071,3,209.3603721829129,414337.5636484539,1.027548308634956
14484.419971729543,3,211.27038289140626,416460.4712704016,1.027548308634956
14498.629995718375,3,215.57297162509605,419053.4236026502,1.088143496576201
14512.840019707208,3,208.19061753030797,401175.80402399524,1.088143496576201
14527.050043696041,3,200.80826343552,384495.4420602461,1.088143496576201
14541.260067684872,4,177.80095286487355,372669.2252009099,1.0516062377783022
14555.470091673706,4,171.25511992054643,358633.30456669343,1.0516062377783022
14569.680115662539,4,164.70928697621932,345802.9020687499,1.0516062377783022
14583.89013965137,4,148.459103771619,338919.40470709925,1.0161715793454726
14598.100163640203,4,141.9462846146931,334454.8977216899,1.0161715793454726
14612.310187629037,4,135.43346545776714,331324.0019930816,1.0161715793454726
14626.520211617868,4,129.8779433578058,333900.88283838244,1.0142206249625068
14640.730235606701,5,121.80972568751629,353853.6922355775,1.0091244390547067
14654.940259595534,5,117.92357629474658,372278.5266768683,1.0091244390547067
14669.150283584366,8,87.29456224086009,432054.92800950044,1.021265543348611
14683.360307573199,6,88.88124206874893,402835.5836207739,1.0112804549005987
14697.570331562032,6,83.84260943878915,376256.27351704345,1.0145145415656656
14711.780355550864,6,75.62476237948725,350593.94774958474,1.0235402840704113
14725.990379539697,8,70.76489843969343,376182.5240673061,1.0403679060765065
14740.20040352853,6,65.42681472951183,330056.2798503935,1.0472951918118374
14754.410427517361,7,143.11784011725192,916910.7549663644,1.1049010516112718
14768.620451506195,6,193.7602978754655,831534.785506061,1.1323324688074303
14782.830475495028,6,173.55133188617594,790299.4576622488,1.1467604627143149
14797.04049948386,6,173.1354772784655,782680.7937497759,1.155154210537111
14811.250523472692,6,168.9796510649037,776391.8602426664,1.155154210537111
14825.460547461525,6,172.16289670709043,778358.0889979606,1.1260904741774609
14839.670571450357,5,189.3840125839982,771584.2771013158,1.133408286139695
14853.88059543919,3,190.89265746298443,346090.32788699603,1.1368132439754084
14868.090619428023,3,167.774096390052,339842.00108716905,1.1368132439754084
14882.300643416855,3,159.90855421019162,327195.68453143386,1.1368132439754084
14896.510667405688,3,175.34497712813553,318813.23513286834,1.1212509868981304
14910.720691394521,3,114.71048565224841,319547.80985156127,1.1077720535144397
14924.930715383352,3,121.61435945725293,327973.4751616197,1.1077720535144397
14939.140739372186,3,126.71201676539734,336055.46127053385,1.1077720535144397
14953.350763361017,3,133.57334207189325,344167.43048349157,1.1077720535144397
14967.56078734985,3,140.43466737839006,352897.2018973605,1.1077720535144397
14981.770811338683,4,135.19220012635176,371381.428475822,1.059404169555924
14995.980835327515,4,140.26737819168144,371574.1184104557,1.059404169555924
15010.190859316348,4,145.34255625701172,372500.7159850722,1.059404169555924
15024.400883305181,4,153.9474554171193,375386.3911107232,1.078076590895769
15038.610907294013,4,158.65599029261207,380074.22982124984,1.078076590895769
15052.820931282846,5,167.84089907650213,623675.6091538582,1.0483811282770985
15067.030955271679,5,165.8257867617753,417070.2816344469,1.0270217170814109
15081.24097926051,5,142.6803621538496,416935.63812979107,1.025216499591127
15095.451003249344,5,148.9423316720357,445307.1112750883,1.025216499591127
15109.661027238177,5,155.20430119022177,474708.9712917601,1.025216499591127
15123.871051227008,5,159.44704538547356,498497.8614993579,1.025216499591127
15138.081075215841,5,165.4326839861266,516354.7432612632,1.025216499591127
15152.291099204675,5,171.28949571645978,535383.6668745468,1.025216499591127
15166.501123193506,5,168.6221963396871,566032.4767769291,1.025216499591127
15180.71114718234,7,157.44314340853623,684935.0313591391,1.0377519323944344
15194.921171171172,7,166.46411598629334,743472.5824115452,1.0377519323944344
15209.131195160004,7,173.25102174765146,795664.3744849097,1.0311442448786645
15223.341219148837,9,174.7449234972476,875643.6563290661,1.0377519323944344
15237.55124313767,11,156.71374991475543,941654.3917628855,1.0603396219499424
15251.761267126501,9,168.34544537268198,946793.1811795359,1.0284311653403841
15265.971291115335,9,174.14805132550822,988153.9793624756,1.0284311653403841
15280.181315104168,9,179.65694326776253,1032374.8522203242,1.0418244632734992
15294.391339093,9,186.57425682528228,1079685.8451017966,1.0418244632734992
15308.601363081832,11,189.6620557262172,1219657.1081708616,1.0140671292820207
15322.811387070666,11,235.29625018532735,1533647.3586605121,1.0156786270564464
15337.021411059497,6,152.3066131648369,500353.4126192668,1.0
15351.23143504833,6,153.69955355446692,502008.0157560263,1.0
15365.441459037163,6,152.77402321852907,505962.4013815968,1.0
15379.651483025995,6,154.83955065712374,516069.0508126103,1.0
15393.861507014828,6,156.90507809571864,526745.6536350513,1.0
15408.071531003661,5,192.2318710575915,503897.8154389534,1.0
15422.281554992493,5,191.1075601108029,499054.33098429884,1.0
15436.491578981326,5,191.07625318163213,496512.97565642034,1.0
15450.701602970159,7,138.18728782406174,533189.5259814435,1.0
15464.91162695899,6,168.59276935726672,577798.65766995,1.0
15479.121650947824,5,202.1767144159456,649647.502298664,1.0
15493.331674936657,7,213.58419366415208,940362.5918414964,1.0
15507.541698925488,6,184.2816145466251,735530.7926860496,1.0
15521.751722914321,6,191.67181769226966,763823.5274772277,1.0
15535.961746903155,6,199.2026195951674,795875.7665879021,1.0
15550.171770891986,7,201.91320709056396,861492.2868537653,1.0
15564.38179488082,7,210.04679672510898,907778.5127050014,1.0
15578.591818869652,7,210.08624395468692,955771.5561007411,1.0
15592.801842858484,8,194.29897562408897,1002761.2957084412,1.0
15607.011866847317,7,183.65556511940196,825794.0758248093,1.0
15621.22189083615,7,191.58873548916435,854255.2276871307,1.0
15635.431914824982,8,199.8977096417646,1019082.689925127,1.0
15649.641938813815,10,173.98466176112802,1156171.030914288,1.0
15663.851962802648,12,156.49085331259445,1056880.6548724533,1.0
15678.06198679148,13,161.83013040848667,1051415.9814593669,1.0
15692.272010780312,9,186.64548547564556,1031146.8897707111,1.0
15706.482034769146,9,189.4141671188628,1124947.782903134,1.0
15720.692058757977,11,160.3126051180245,1089145.8160811185,1.0185862052492665
15734.90208274681,7,202.49849103502189,1226684.5101921337,1.0392524910586116
15749.112106735643,6,205.35451769734385,720376.334425911,1.04830509737729
15763.322130724475,6,222.9325153225262,763569.9734581563,1.0476236248862456
15777.532154713308,6,238.03602851573248,817306.1665714532,1.0476236248862456
15791.742178702141,6,221.15481560827092,795291.3986932329,1.0476236248862456
15805.952202690973,4,216.42145377759292,419180.93629082106,1.0476236248862456
15820.162226679806,4,217.24075324555338,418029.63232918305,1.0476236248862456
15834.372250668637,5,232.57188570208567,657141.6316833113,1.0252857507390243
15848.58227465747,5,225.81544249754072,589345.1201649687,1.0266216655048248
15862.792298646304,6,170.6712186298864,449129.1527117805,1.0078773968299863
15877.002322635135,5,185.88530143286292,442541.49938924465,1.0157547936599727
15891.212346623968,5,190.51053159908022,455221.8855276809,1.0157547936599727
15905.422370612801,5,195.7740813364746,467967.24989241763,1.0157547936599727
15919.632394601633,7,180.0971512613035,529275.237878755,1.0246937227815007
15933.842418590466,7,184.7130360370713,550472.1164930252,1.0246937227815007
15948.0524425793,5,221.8643899086887,530994.0442461497,1.0
15962.26246656813,6,196.08314655671697,571514.0870652817,1.004708613371904
15976.472490556964,6,197.1254368550217,581451.0760060938,1.004708613371904
15990.682514545797,6,196.87137380393196,593051.6522455409,1.001092483873427
16004.892538534628,8,141.37952487574955,623017.920266878,1.0
16019.102562523462,8,147.6057612021765,649613.8965402473,1.0
16033.312586512295,8,155.44705240164308,681731.1278887813,1.0
16047.522610501126,8,174.32947053506294,722378.407687424,1.0
16061.73263448996,8,138.01101855089968,584251.3073806546,1.0
16075.942658478793,7,150.10830070096566,597945.1871793787,1.0
16090.152682467624,9,145.76994467742858,664946.7440903093,1.0060141698181426
16104.362706456457,10,149.75833295752903,725543.2673649245,1.0064219237797798
16118.57273044529,10,175.32364835075668,981374.9772043468,1.0064219237797798
16132.782754434122,10,175.12106836669616,977289.0079443909,1.0
16146.992778422955,10,175.09140559649742,960325.0063040082,1.0
16161.202802411788,12,163.1218623130074,1003507.082016556,1.002035427940967
16175.41282640062,11,168.7373231240947,1015346.6132873972,1.0
16189.622850389453,10,135.28942633432047,741452.6173261413,1.011044040561249
16203.832874378286,10,150.24491768893228,844101.3465960191,1.002035427940967
16218.042898367117,10,144.94302282429882,772230.1154527572,1.011044040561249
16232.25292235595,8,148.15093234945112,671993.588202709,1.011044040561249
16246.462946344784,8,137.8715946474664,624656.4305778117,1.011044040561249
16260.672970333615,8,132.57180109343182,591541.8192026098,1.0126308373989457
16274.882994322448,8,123.46567322820415,566714.4693261005,1.0126308373989457
16289.093018311281,9,135.39859753534074,713319.578557334,1.0040708558819336
16303.303042300113,10,138.88937151423173,707091.7574296974,1.0294806230606666
16317.513066288946,10,134.12782229226838,668130.1273483724,1.0268107248425467
16331.72309027778,15,120.88232711771583,788207.5258645875,1.0299248581743448
16345.93311426661,16,129.89855988450384,1046077.6186489552,1.020570038424844
16360.143138255444,18,122.1982039894472,989537.4800061705,1.0080286888116712
16374.353162244277,18,120.34651883588724,947354.1238956781,1.0057473535624926
16388.563186233107,18,112.09229274073647,879029.5155344838,1.0057473535624926
16402.77321022194,17,113.1931059769873,881996.5149534718,1.0092363643679987
16416.983234210777,20,131.77045085552493,1270158.543792472,1.0
16431.193258199608,22,129.71656228658625,1308553.7848273609,1.0
16445.40328218844,18,121.63775165637898,1140245.8190900737,1.0
16459.61330617727,18,128.42036545603165,1394862.3869331928,1.0121330614732966
16473.823330166102,20,139.4177387527316,2352481.65260663,1.0110937778154605
16488.033354154937,18,128.45350644876063,1421149.062174195,1.0110937778154605
16502.243378143772,19,142.97330645652863,1655296.0001256166,1.016774547887005
16516.453402132604,19,150.95216764816243,1696794.104259036,1.016774547887005
16530.663426121435,14,159.47616096027892,1328713.3181322326,1.0148296730002888
16544.873450110266,16,155.0090537312611,1528778.5623666195,1.015029079123328
16559.083474099098,16,141.9914843881444,1482717.895356671,1.020065073407741
16573.293498087933,16,161.49112480549564,1803389.2816516296,1.020065073407741
16587.503522076768,18,153.5874541630608,1820777.4371537236,1.0274767712319195
16601.7135460656,18,155.50858431065163,1817330.2645663505,1.0330062177569779
16615.92357005443,16,148.38441250316112,1401070.8136596757,1.0274767712319195
16630.133594043262,20,155.23711101070506,1668944.5793950267,1.0199260842247528
16644.343618032093,18,147.95624793814784,1399482.197334378,1.0277114874364053
16658.55364202093,15,154.51729305752934,1271191.1230536276,1.0481642667092463
16672.76366600976,13,163.39332670114615,1185475.1018000625,1.0481642667092463
16686.973689998595,12,165.94323285624432,1042510.7507926725,1.0512212266271794
16701.183713987426,12,168.38169991862588,1061178.252871385,1.0512212266271794
16715.393737976257,12,170.41591525746477,1075280.430973011,1.0512212266271794
16729.60376196509,12,172.7442549145184,1096004.9061443314,1.0512212266271794
16743.813785953924,12,178.2327060726096,1163711.8036308514,1.0522257951714324
16758.023809942755,12,178.23450354535817,1146374.8266501366,1.0588105630845537
16772.23383393159,12,170.42553988277257,1129960.498314563,1.0588105630845537
16786.44385792042,11,157.0941605974148,888668.4651596537,1.0528396963662676
16800.653881909253,14,167.2848444370336,1313474.147897294,1.0567806629895213
16814.863905898084,14,154.88388141351845,1208747.1272440138,1.0567806629895213
16829.07392988692,14,161.31686848311762,1228085.6883395854,1.0567806629895213
16843.28395387575,12,154.38101531865934,1055486.2125260355,1.0567806629895213
16857.493977864586,12,152.421654880111,1034308.5984347283,1.0476665828791365
16871.704001853417,14,148.44100278870184,1186305.6358588994,1.062043476042327
16885.91402584225,15,134.91408864033056,1002254.5783850175,1.0090267466481715
16900.12404983108,14,135.59807528423215,1010829.3361496013,1.0184807526704536
16914.334073819915,13,153.04046348822084,1021509.5116648314,1.0389666679300504
16928.544097808746,9,127.68774625730006,670198.7785575978,1.0202316481632887
16942.75412179758,8,141.9439716546128,677327.8941205121,1.0295991580466697
16956.964145786413,8,142.796271225885,681658.2816162236,1.0146291974057302
16971.174169775244,8,131.1038622688681,676257.7973710126,1.0195549475091386
16985.384193764075,8,129.26266446846537,662968.5642275333,1.0292888024315476
16999.59421775291,8,126.4551431502177,657731.5993821693,1.0401345993851483
17013.804241741742,9,113.9796532305205,653602.2433232819,1.0396993580081069
17028.014265730577,10,102.35951754844865,672001.203231764,1.0292888024315476
17042.22428971941,9,110.13522287945095,640904.6265896192,1.027200888782955
17056.43431370824,7,135.37267685320222,630344.6560039272,1.0397849351220803
17070.64433769707,7,136.1505018033281,629949.5548268941,1.0397849351220803
17084.854361685906,7,131.30452524330303,613536.0495581583,1.0335421333236334
17099.064385674737,7,131.60837096824838,609166.1647756975,1.0335421333236334
17113.274409663572,7,128.72258949275906,601455.818215798,1.0397849351220803
17127.484433652404,8,118.81996179084894,596734.5195938934,1.0408571104884974
17141.694457641235,8,112.63343675591118,590684.8629950192,1.0454908115117463
17155.904481630067,7,132.7012207455705,578843.727899365,1.0518008592606085
17170.1145056189,7,129.49851772815478,576334.0476731615,1.0518008592606085
17184.324529607733,7,117.73955706957751,573770.2467474826,1.05933904252188
17198.534553596568,7,117.27933819789524,565639.9204861643,1.0518008592606085
17212.7445775854,7,99.93967325128341,500178.3771735383,1.059379063035074
17226.95460157423,6,102.02678711863989,450039.68908682023,1.0665614916411825
17241.164625563062,9,85.23038032389199,427262.1924752452,1.065371882365206
17255.374649551897,8,100.99321960349428,385763.9328018785,1.065285376514801
17269.58467354073,7,108.998835039577,386818.891461183,1.0632198255554195
17283.794697529564,7,108.9069036969464,387007.2612315643,1.0615972493524106
17298.004721518395,7,93.70565747622344,386063.3887415694,1.0615972493524106
17312.214745507226,7,96.73318167798408,387340.7602488731,1.0615972493524106
17326.424769496058,7,93.16620932944521,389135.23541124945,1.0632198255554195
17340.634793484893,8,109.31162696040201,563156.4474207367,1.0516803629726175
17354.844817473724,8,109.8610964039134,514231.539114307,1.0516803629726175
17369.05484146256,8,104.46703110446434,478697.48939262977,1.0483872089435198
17383.26486545139,7,113.76338703500998,450217.8926578842,1.063747332537912
17397.474889440222,8,106.55620497852686,454203.0875463541,1.0503536248150724
17411.684913429053,9,109.69482894593541,484131.45268777345,1.0610938562228225
17425.89493741789,9,114.63702299203422,505584.4729927452,1.0396133934073226
17440.10496140672,8,118.32989607991279,499860.9778293271,1.058248484747174
17454.314985395555,8,122.45631815480581,519151.2716458293,1.0472347035134009
17468.525009384386,8,125.80539075467681,536731.1744035386,1.0472347035134009
17482.735033373217,9,133.1201140310898,624179.7203866966,1.035947153289653
17496.94505736205,9,132.85173432725614,643313.6102435243,1.0585222537371488
17511.15508135088,12,137.44840202242145,857221.7816308723,1.0252602225760432
17525.365105339715,6,127.63364808664477,525540.5553472987,1.0252602225760432
17539.57512932855,6,118.12602919428052,513554.8661610127,1.0158569841084295
17553.78515331738,8,124.7872029316618,648085.8090347478,1.0785041959721613
17567.995177306213,7,118.97021142251702,629168.9655782194,1.1268204203243481
17582.205201295044,7,115.91458792602646,609772.923035324,1.187495993134352
17596.415225283876,6,145.64611176775603,588342.4357650545,1.38193694642999
17610.62524927271,6,141.6724877978102,568608.5296781417,1.38193694642999
17624.835273261546,6,137.34083375252237,553863.292626461,1.38193694642999
17639.045297250377,10,131.34002866744135,777260.7141255867,1.2513459812391279
17653.25532123921,7,124.30194599459352,558159.3329871944,1.187495993134352
17667.46534522804,8,123.11924168198402,547847.6505654295,1.0330019392465069
17681.67536921687,8,123.82768288573598,562755.0740549355,1.0330019392465069
17695.885393205706,8,131.768901745877,621761.381373041,1.0330019392465069
17710.09541719454,6,162.73446936806118,651118.8910577957,1.0200419571674442
17724.305441183373,6,168.55500934817044,692621.9018721059,1.0200419571674442
17738.515465172204,8,201.06303088065988,1248270.7060096918,1.0531827185388578
17752.725489161036,8,202.37937549322265,1213957.4251950514,1.0529082411791424
17766.935513149867,9,195.5549833232663,1324017.8023451187,1.0104663024587233
17781.145537138702,9,178.64672453018827,1134614.465304683,1.0104663024587233
17795.355561127537,9,158.75323895163865,991435.4973129671,1.0104663024587233
17809.56558511637,9,142.65241442272486,900732.2713006553,1.0069858598675128
17823.7756091052,8,153.842846901044,839992.6305462297,1.0222619784412048
17837.98563309403,8,147.88800335880262,786836.3204306667,1.0196677156350864
17852.195657082862,9,141.99717104242978,787624.4488015199,1.0
17866.405681071697,8,152.64866991002134,742968.9397599512,1.0036525012283655
17880.615705060532,10,155.17767712601898,922471.4372180817,1.0
17894.825729049364,11,141.56843469408727,919588.4980320357,1.0
17909.035753038195,10,153.5104183924731,888636.9725423761,1.0
17923.245777027027,11,133.53592329201217,876044.4781884006,1.0
17937.455801015858,11,127.43163669503055,862076.1585305737,1.0
17951.665825004693,14,150.11523463187774,1506982.2981065842,1.0
17965.875848993528,11,125.27568869164865,597821.8537216987,1.0
17980.08587298236,12,119.44446820542218,559061.0690174378,1.0
17994.29589697119,14,111.02335685368645,545715.3065177485,1.0
18008.505920960022,13,109.21245257028977,508609.69655072136,1.0
18022.715944948854,15,102.71305126564361,574398.1099321729,1.0
18036.92596893769,15,93.72101695946739,528359.7188035484,1.0
18051.135992926524,12,98.56062697484613,449746.3269710883,1.0
18065.346016915355,12,89.29081904600717,381221.1694670162,1.0
18079.556040904186,13,87.15267267168632,328571.2916108831,1.0
18093.766064893018,12,85.0490637792243,286443.1619999408,1.0
18107.97608888185,10,84.59474460772388,203996.48706022816,1.0
18122.186112870684,8,85.01011915567297,170471.51090147736,1.0
18136.39613685952,6,94.44656469384473,177525.26369163572,1.0093299533837135
18150.60616084835,6,96.00613286543869,191778.71809298778,1.0093299533837135
18164.816184837182,6,99.41258003698172,197813.57604270967,1.0093299533837135
18179.026208826013,3,99.97856229211736,96528.02942761371,1.0186599067674267
18193.236232814845,1,100.75703330017018,31893.38503168544,1.0
18207.44625680368,1,95.86951688145366,28874.265820875284,1.0
18221.656280792515,1,90.98200046273715,26005.238189246757,1.0
18235.866304781346,1,86.09448404402187,23286.30213680052,1.0
18250.076328770177,1,81.20696762530659,20717.45766353583,1.0
18264.28635275901,1,76.31945120659132,18298.704769452692,1.0
18278.49637674784,1,71.43193478787605,16030.043454551089,1.0
18292.706400736675,1,66.54441836915952,13911.473718830508,1.0
18306.91642472551,2,63.19295087397455,25882.060310421213,1.1765134308141
18321.12644871434,2,60.65357034636309,25206.03616682034,1.1765134308141
18335.336472703173,2,58.11418981875163,24720.63695818661,1.1765134308141
18349.546496692004,2,59.178319616289045,24050.272675321576,1.3834679930629927
18363.756520680836,4,61.26111916560328,51590.64402867004,1.6296286041403643
18377.96654466967,2,46.016193553109574,12709.350475341284,1.2461606110773715
18392.176568658502,2,36.86971875647757,8309.283442842301,1.2461606110773715
18406.386592647337,1,26.777028937582827,2252.5510825955,1.492321222154743
18420.59661663617,1,14.788065851800134,687.025132203743,1.492321222154743
18434.806640625,1,2.799102766017441,24.614303968562915,1.492321222154743
